ID,Origin,Dest,Demand,Strategy,TT,WT,CT,B_TT,B_WT,B_CT,ThetaWin,ThetaLose,Sat_TT,Sat_WT,Sat_CT
0,0,3,83.33333333333333,1,0.95,0.03,0.02,0.1,0.1,0.1,0.05,0.05,32,30,10
1,0,3,83.33333333333333,1,0.7,0.2,0.1,0.1,0.1,0.1,0.05,0.05,32,30,10
2,0,3,83.33333333333333,1,0.35,0.33,0.32,0.1,0.1,0.1,0.05,0.05,32,30,10
3,0,3,83.33333333333333,1,0.33,0.35,0.32,0.1,0.1,0.1,0.05,0.05,32,30,10
4,0,3,83.33333333333333,1,0.2,0.7,0.1,0.1,0.1,0.1,0.05,0.05,32,30,10
5,0,3,83.33333333333333,1,0.05,0.95,0.02,0.1,0.1,0.1,0.05,0.05,32,30,10
